발매 전 한 번 더. 발매 후 물 한 잔.,One more check. Then a glass of water.
딜리버리 전에 한 번 더. 음원 공지 전에 한 번 더.,One more check before it goes out. One more before everyone knows.
"음원은 도착했고, 확인은 아직 남았습니다.",Delivery completed. The checking has just begun.
발매 완료. 이제부터가 모니터링입니다.,Out Now! — now we keep an eye on it.
신보 모니터링 완료. 이제 정말 나온 게 맞습니다.,Monitoring complete. It is really out now.
오늘의 업로드가 내일의 재생이 됩니다.,Today’s upload becomes tomorrow’s play.
오늘의 확인이 내일의 재생을 지킵니다.,Today’s check helps tomorrow play smoothly.
음악이 잘 도착한 날의 조용한 완료.,A quiet finish. The music made it safely.
등록 완료. 이제 잘 보이는지 확인하기.,Submitted. Now let’s make sure it shows up.
이 음원은 누군가의 재생 목록으로 갑니다.,This track is on its way to someone’s playlist.
"아티스트명, 발매일, 점심시간. 다 중요합니다.",Artist name. Release date. Lunch break. All essential.
"크레딧은 작아도, 빠뜨리지는 않기.",Small print. Big names. Leave no one out.
"메타데이터는 조용히, 정확하게.",Quiet details. Accurate everywhere.
"메타데이터는 맞게, 음악은 잘 도착하게.",Get the data right. Let the music find its way.
"메타데이터는 구체적으로, 기억은 가볍게.",Be specific in the data. Relax everywhere else.
좋은 곡도 매칭 정보가 있어야 잘 찾아갑니다.,Even a great track needs the DSPs’ identifier to be found.
등록된 정보가 음악의 첫인상이 됩니다.,The first impression starts before the first play.
생각보다 많은 일이 제목 한 줄에서 시작됩니다.,A surprising amount begins with one title line.
"바쁜 날일수록, 제목부터 정확하게.",Busy day? Start with the title.
계약서 송부 전 한 번 더. 전송 후 숨 한 번.,One more check before sending. One deep breath after.
"정산 전 한 번 더. ISRC도, 요율도.",One more check: codes and rates.
이번 달의 재생이 다음 분기의 정산이 됩니다.,This month’s plays become next quarter’s numbers.
"숫자는 맞게, 설명은 친절하게.",Keep the numbers right. Keep the notes kind.
"로열티는 조용히 쌓이고, 정확하게 나눕니다.",Royalties add up quietly. Then they are shared precisely.
정산서는 보내기 전에 한 번 더.,One more look before the statement goes out.
"금액은 확인하고, 기준은 남기기.",Check the amount. Keep the basis.
"한 곡의 재생에도, 누군가의 몫이 있습니다.",Every play has someone behind it.
정산 완료. 다음 달의 확인을 준비합니다.,Settlement complete. Next month is already waiting.
공유 드라이브는 모두의 기억력입니다.,The shared drive remembers for all of us.
"앨범 커버는 크게, 파일명은 정확하게.",Big cover art. Clear file names.
"파일은 정리하고, 작업은 이어가기.",Sort the files. Keep the work moving.
정리는 다음 작업을 덜 당황하게 합니다.,A little order saves the next task some panic.
일단 저장. 그다음 서밋.,Save first. Submit next.
"파일은 열어보고, 링크는 눌러보기.",Open the file. Click the link.
"링크는 열어보고, 메일은 다시 읽기.",Open the link. Read the email again.
잘못 보낸 메일은 없애기 어렵습니다. 그러니 다시 읽기.,Unsent emails are rare. Read it once more.
오늘의 확인이 내일의 수정을 줄입니다.,Today’s check means fewer fixes tomorrow.
수정은 발견했을 때 가장 작습니다.,A fix is smallest when you first find it.
오늘의 수정은 내일의 문의를 줄입니다.,Fix it today. Fewer CS tomorrow.
오늘의 마지막 확인이 내일의 첫 문의를 막습니다.,One last check can stop tomorrow’s first question.
최종 파일은 늘 한 번 더 최종입니다.,Final files have a habit of becoming final again.
최종 확인은 대체로 마지막이 아닙니다.,The final check is rarely the final one.
"한 번 더 보는 일도, 일의 일부입니다.",Looking once more is part of the job.
오늘도 누락 없이.,No missing pieces today.
딜리버리 전에 한 번 더 확인하기.,One more check before delivery.
"음원 공지 전, 링크 한 번 더.","Before the announcement, one more click."
"공지는 짧게, 정보는 충분하게.",Keep it short. Keep it useful.
"좋은 소식은 공지로, 수정사항은 빠르게.",Good news goes out. Fixes move fast.
"정보는 정확하게, 회신은 너무 늦지 않게.",Accurate details. Timely replies.
"기한은 확인하고, 서로의 일정은 물어보기.",Check the deadline. Ask about the schedule.
"신보는 놓치지 않고, 회의는 너무 길지 않게.",Don’t miss the release. Don’t extend the meeting.
"피칭 전 한 번 더. 곡명도, 마음도.",One more look before the pitch. Title and mood included.
좋은 곡은 좋은 자리로.,Good tracks deserve the right place.
이 곡이 오늘의 재생 목록에 앉을 자리가 있는지.,Does this track have a seat on today’s playlist?
플레이리스트도 결국 누군가의 하루입니다.,A playlist is part of someone’s day.
"장르는 맞게, 소개는 짧게.",Get the genre right. Keep the pitch short.
피칭 완료. 이제 발견되기를 기다립니다.,Pitch sent. Now we wait to be found.
"한 곡씩 보내고, 한 번씩 확인하기.",One track at a time. One check at a time.
"음악은 준비됐고, 소개말은 아직입니다.",The music is ready. The pitch is still thinking.
오늘의 피칭이 내일의 첫 재생이 됩니다.,Today’s pitch may become tomorrow’s first play.
잘 맞는 플레이리스트를 찾는 중입니다.,Looking for the playlist that fits.
"추천은 조심스럽게, 음악은 자신 있게.",Recommend with care. Let the music speak boldly.
재생 목록에 들어갈 이유를 한 줄로 적기.,Write one good reason to press play.
좋은 곡은 대체로 한 번 더 듣게 됩니다.,Good songs usually ask for one more listen.
데모는 아직 데모입니다. 그래서 더 들어봅니다.,It’s still a demo. That’s why we listen again.
"레퍼런스는 듣고, 결론은 조금 뒤에.",Listen to the reference. Decide a little later.
"첫 청취는 가볍게, 두 번째 청취는 정확하게.","First listen, easy. Second listen, focused."
"좋은 아이디어는 저장하고, 좋은 테이크는 백업하기.",Save the idea. Back up the good take.
듣는 일도 업무입니다. 가끔은 꽤 좋은 업무.,Listening is work. Sometimes very good work.
아티스트의 다음 곡을 기다리는 중입니다.,Waiting for the artist’s next song.
"캐릭터는 준비됐고, 다음은 신보 기획입니다.",Character ready. Next: the new release.
"세계관은 넓게, 파일명은 정확하게.",Build a wide world. Name the files clearly.
버추얼도 결국 누군가의 목소리에서 시작됩니다.,Even virtual artists begin with someone’s voice.
"설정은 남기고, 가능성은 열어두기.",Keep the settings. Leave room for possibility.
오늘의 한 줄이 내일의 캐릭터가 됩니다.,Today’s one line becomes tomorrow’s character.
한 번 만든 세계는 계속 업데이트됩니다.,"Once built, a world keeps updating."
"디테일은 쌓이고, 캐릭터는 살아납니다.",Details add up. Characters come alive.
"아직 없는 아티스트를, 오늘 조금 더 구체적으로.","Making an artist who does not exist yet, a little more real today."
"오늘 한 일은 남기고, 내일 할 일은 가볍게.",Leave today’s work behind. Keep tomorrow light.
업무일지 업데이트. 기억력은 이제 퇴근합니다.,Log updated. Memory can clock out now.
완료한 일도 적어두기. 생각보다 많이 했습니다.,Write down what’s done. It was more than you thought.
"오늘의 진행, 내일의 시작.",Today’s progress. Tomorrow’s starting point.
일단 기록. 다음의 우리를 위해.,Write it down. For our future selves.
"업무일지는 짧게, 다음 행동은 분명하게.",Keep the log short. Make the next move clear.
"금주의 일은 정리하고, 다음 주의 빈칸을 남겨두기.",Close this week. Leave some space for the next.
오늘의 이슈는 오늘의 문장으로.,Put today’s issues into today’s words.
업데이트 완료. 이제 정말 어디까지 했는지 압니다.,Update complete. Now we know where we are.
"진행 중인 일도, 진행 중이라고 적어두기.","If it is in progress, write that down too."
"업무일지에는 결과도, 다음 한 줄도.",The log needs an outcome and one next line.
오늘의 작은 완료가 내일의 큰 메모가 됩니다.,Today’s small finish becomes tomorrow’s big note.
출근 체크 완료. 오늘도 같이 시작합니다.,Clocked in. We begin again.
퇴근 체크 완료. 내일 다시 잘하기.,Clocked out. We’ll do well again tomorrow.
"퇴근은 누르고, 생각은 두고 가기.",Clock out. Leave the thoughts here for now.
출근했습니다. 천천히 정확하게.,"Clocked in. Slowly, accurately."
오늘도 무사히 출근. 이제 하나씩.,Made it in. One thing at a time.
"퇴근 전, 업무일지 한 번.","Before clocking out, one quick log."
출근과 동시에 멘탈케어.,Clock in. Mental care begins.
"퇴근은 완료, 내일의 일은 준비 중.",Clock-out complete. Tomorrow is getting ready.
오늘의 근무를 닫습니다. 파일도 함께.,Closing today’s work. Closing the files too.
"시간은 체크하고, 무리는 줄이기.",Track the time. Ease up on the strain.
Various Artists는 최고의 아티스트입니다.,Various Artists are the best artists.
아! 맞다! 계약서 송부!,Oh! The contract!
아! 맞다! 계약서 아카이빙!,Oh! Archive the contract!
아! 맞다! 발매일 확인!,Oh! Check the release date!
아! 맞다! 신보 모니터링!,Oh! New release monitoring!
아! 맞아! 샤샤 메일!,Oh right! Sascha email!
아! 맞다! 음원 공지!,Oh! The release announcement!
아! 맞다! 발매일!,Oh! Release day!
아! 맞다! 매칭 정보!,Oh! Artist linking!
아! 맞다! 피쳐링 아티스트!,Oh! Featured artist!
아! 맞다! 모션 아트!,Oh! Motion art!
아! 맞다! ISRC!,Oh! The ISRC!
아! 맞다! 낙소스 미팅 어젠다!,Oh! Naxos meeting agenda!
아! 맞다! 컨트리뷰터!,Oh! Contributors!
아! 맞다! 점심시간!,Oh! Lunch time!
업로드 완료. 다음은 잠깐의 환기.,Upload complete. Time for some air.
"잠깐 쉬고, 다시 정확하게.",Take a break. Return precise.
"커피는 식어도, 할 일은 조금씩 줄어듭니다.",Coffee cools. The list gets shorter.
"수정사항은 남기고, 마음은 너무 남기지 않기.",Leave the notes. Don’t carry them all home.
오늘은 여기까지. 내일 다시 잘하기.,That’s enough for today. Do it well again tomorrow.
"음악은 잘 도착하게, 우리는 무사히 퇴근하게.",Let the music arrive. Let us get home safely.
오늘의 체크리스트에는 빈칸이 조금 줄었습니다.,A few more blanks disappeared today.
"확인할 것은 확인하고, 밥은 먹기.",Check what needs checking. Eat something too.
한 번 더 듣기. 이번에는 천장도 포함해서.,One more listen. Include the ceiling this time.
노이즈도 생명입니다.,Noise is alive too.
"녹음은 끝났고, 편집은 아직입니다.",Recording is done. Editing is not.
오늘도 무사히 납품.,Delivered safely. Again.
"헤드폰은 벗고, 귀는 잠깐 쉬기.",Take off the headphones. Give your ears a minute.
"볼륨을 올리기 전에, 커피부터 내리기.","Before turning it up, make the coffee."
"좋은 테이크는 저장하고, 애매한 테이크도 일단 저장하기.",Save the good take. Save the maybe take too.
오늘의 노이즈는 오늘 안에 발견하기.,Find today’s noise before today ends.
"조용한 구간도, 할 일이 있습니다.",Even silence has work to do.
다 들린다고 끝난 것은 아닙니다.,Hearing everything is not the finish line.
"저음은 확인하고, 의자는 너무 흔들지 않기.",Check the low end. Try not to shake the chair.
좋은 소리는 파일 안에만 있지 않습니다.,Good sound does not live only in the file.
"편집 전 한 번, 저장 후 한 번.",One check before editing. One after saving.
"모니터링은 길어지고, 점심은 짧아집니다.",The monitoring gets longer. Lunch gets shorter.
이번이 진짜 마지막 렌더입니다.,Final render. Allegedly.
"조금만 더 확인하면, 또 조금이 됩니다.",One more check becomes five more checks.
소리가 없는 것도 확인해야 합니다.,Silence needs a soundcheck too.
"어제는 좋았는데, 오늘도 좋은지 확인 중입니다.",It sounded good yesterday. Checking again today.
"레퍼런스는 참고하고, 귀는 믿기.",Use the reference. Trust your ears.
"볼륨이 아니라, 밸런스를 확인 중입니다.",Not louder. Just better balanced.
이 소리는 의도입니다. 아마도.,This sound is intentional. Probably.
스피커마다 다른 의견이 있습니다.,Every speaker has an opinion.
"너무 좋으면, 다른 스피커에서도 들어보기.","If it sounds great, try another speaker."
좋은 소리는 대체로 작게 들어도 좋습니다.,Good sound works at low volume too.
"ISRC는 짧지만, 평생 갑니다.",Twelve characters. A long life.
UPC는 앨범의 단체사진입니다.,One code. Everyone’s here.
"한 글자 차이, 다른 아티스트 페이지.",One letter. A whole new artist.
"대소문자는 작아도, 문제는 커집니다.",Small letters. Big problems.
딜리버리는 완료. 마음은 아직 전송 중.,Delivered. Still processing emotionally.
"플랫폼은 많고, 확인할 페이지도 많습니다.",Many platforms. Many tabs.
"음악은 글로벌, 오류는 로컬.",Global release. Local problem.
"미발매는 계획이고, 발매 완료는 모니터링의 시작입니다.",Unreleased is a plan. Released is a new task.
"크레딧은 마지막에 적지만, 먼저 확인합니다.",Last on the page. First to check.
작사·작곡·편곡. 줄일 수 없는 세 줄.,Three lines. No shortcuts.
"권리는 복잡하고, 파일명은 더 복잡하면 안 됩니다.",Rights are complicated. File names do not have to be.
"로열티는 조용히 들어오고, 질문은 크게 들어옵니다.",Royalties arrive quietly. Questions do not.
모든 재생에는 누군가의 이름이 있습니다.,Every stream has a name behind it.
"정산 전에는 숫자가 많고, 정산 후에는 질문이 많습니다.",Many numbers before settlement. Many questions after.
Final은 파일명이 아니라 기분입니다.,"Final is a feeling, not a filename."
Final_final은 아직 희망이 있습니다.,final_final still has hope.
Final_final_v2는 솔직합니다.,final_final_v2 is honest.
"마스터는 끝났고, 스피커는 다르게 말합니다.",The master is done. The speakers disagree.
"노브를 돌렸고, 모두가 안심했습니다.",A knob was turned. Everyone felt better.
"클릭은 작고, 발견하면 커집니다.",Clicks are tiny. Until you hear one.
한 번만 더 듣자는 말은 대체로 거짓입니다.,“One more listen” is rarely one more listen.
아무도 못 들으면 성공입니다. 노이즈 얘기입니다.,"If nobody hears it, we did our job. The noise, obviously."
"애트모스는 넓게, QC는 좁게 보기.",Mix wide. QC close.
모든 소리가 제자리에 있는지 확인 중입니다.,Making sure every sound is where it belongs.
"위쪽 소리도, 아래쪽 파일명도 확인하기.",Check the height channels. Check the file name too.
"소리의 자리는 확인하고, 악기의 자존감은 지켜주기.",Check every position. Protect every instrument’s dignity.
모든 소리가 제자리에 있습니다. 지휘자만 빼고요.,Every sound is in place. Except the conductor.
"공간은 3차원, 수정 요청은 평면적입니다.",The space is 3D. The revision notes are not.
"마이크는 정직했고, 방은 솔직했습니다.",The microphones were honest. The room was too.
"정면은 확인했고, 뒤쪽도 들었습니다. 이제 누가 기침했는지 찾는 중입니다.",Front checked. Rear checked. Now locating the cough.
아! 맞다! 바이노럴 확인!,Oh! Binaural check!
"공간감은 충분히, 과몰입은 적당히.",Enough immersion. Moderate obsession.
QC 완료. 이제 홀에서도 듣고 싶습니다.,QC complete. Now we want to hear it in a hall.
"마이크는 다 들었고, 우리는 이제 골라 듣습니다.",The microphones heard everything. Now we choose what to hear.
"앞은 명확하게, 뒤는 조심스럽게.",Clear in front. Careful behind.
"잔향은 남기고, 의심은 줄이기.",Keep the reverb. Lose some doubt.
공간은 충분합니다. 이제 작은 소리를 찾습니다.,The space is enough. Now we look for the small sounds.
아! 맞다! 잔향 길이!,Oh! Reverb tail!
QC 완료. 이제 다른 자리에서 듣기.,QC complete. Time to change seats.
아! 맞다! 팬텀 파워!,Oh! Phantom power!
"모니터는 정확하고, 볼륨은 조심스럽게.",Accurate monitors. Careful volume.
"장비는 많고, 콘센트는 부족합니다.",Plenty of gear. Not enough outlets.
"패치는 끝났고, 왜 소리가 안 나는지는 확인 중입니다.",The patch is done. We are checking why there is no sound.
가장 비싼 건 장비가 아니라 다시 녹음하는 시간입니다.,The expensive part isn’t the gear. It’s recording it again.
"버튼은 많고, 레코드는 하나입니다.",Many buttons. One Record button.
좋은 장비는 문제를 해결하지 않습니다. 더 잘 들려줄 뿐입니다.,Good gear doesn’t solve problems. It reveals them better.
오늘의 세팅은 내일의 사진으로 남습니다.,Today’s setup is tomorrow’s reference photo.
마지막 수정본입니다. 현재로서는요.,This is the final revision. For now.
"좋은 소리는 만들고, 백업은 확인합니다.",We make good sound. We verify backups.
